{"cameraMode":{"drawMode":0,"name":"Shaded","section":"Shading Mode"},"sceneLighting":false,"audioPlay":false,"sceneViewState":{"m_AlwaysRefresh":false,"showFog":true,"showSkybox":false,"showFlares":true,"showImageEffects":true,"showParticleSystems":true,"showVisualEffectGraphs":true,"m_FxEnabled":true},"in2DMode":false,"pivot":{"x":0.4001343250274658,"y":1.2347197532653809,"z":-96.50344848632813},"rotation":{"x":-0.3327800929546356,"y":0.017535846680402757,"z":-0.0061896685510873798,"w":-0.9428247213363648},"size":5.711576461791992,"orthographic":false}