{"cameraMode":{"drawMode":0,"name":"Shaded","section":"Shading Mode"},"sceneLighting":false,"audioPlay":false,"sceneViewState":{"m_AlwaysRefresh":false,"showFog":true,"showSkybox":false,"showFlares":true,"showImageEffects":true,"showParticleSystems":true,"showVisualEffectGraphs":true,"m_FxEnabled":true},"in2DMode":false,"pivot":{"x":-1.7327227592468262,"y":-12.831740379333496,"z":49.72102355957031},"rotation":{"x":0.28438252210617068,"y":-0.05345909669995308,"z":0.0158840324729681,"w":0.9570899605751038},"size":21.995119094848634,"orthographic":false}