{"cameraMode":{"drawMode":0,"name":"Shaded","section":"Shading Mode"},"sceneLighting":false,"audioPlay":false,"sceneViewState":{"m_AlwaysRefresh":false,"showFog":true,"showSkybox":false,"showFlares":true,"showImageEffects":true,"showParticleSystems":true,"showVisualEffectGraphs":true,"m_FxEnabled":true},"in2DMode":false,"pivot":{"x":0.0009250640869140625,"y":3.7674412727355959,"z":-0.0026625394821166994},"rotation":{"x":-0.08502247929573059,"y":-0.12610401213169099,"z":0.010840540751814843,"w":-0.9883681535720825},"size":4.2431817054748539,"orthographic":false}