{"cameraMode":{"drawMode":0,"name":"Shaded","section":"Shading Mode"},"sceneLighting":false,"audioPlay":false,"sceneViewState":{"m_AlwaysRefresh":false,"showFog":true,"showSkybox":false,"showFlares":true,"showImageEffects":true,"showParticleSystems":true,"showVisualEffectGraphs":true,"m_FxEnabled":true},"in2DMode":false,"pivot":{"x":-0.000001430511474609375,"y":-0.0940927267074585,"z":2.384185791015625e-7},"rotation":{"x":-0.08502247929573059,"y":-0.12610401213169099,"z":0.010840540751814843,"w":-0.9883681535720825},"size":2.5668158531188967,"orthographic":false}