{"cameraMode":{"drawMode":0,"name":"Shaded","section":"Shading Mode"},"sceneLighting":false,"audioPlay":false,"sceneViewState":{"m_AlwaysRefresh":false,"showFog":true,"showSkybox":false,"showFlares":true,"showImageEffects":true,"showParticleSystems":true,"showVisualEffectGraphs":true,"m_FxEnabled":true},"in2DMode":false,"pivot":{"x":-0.09289932250976563,"y":3.565154790878296,"z":524.2000122070313},"rotation":{"x":-0.09017924219369888,"y":0.002695100149139762,"z":-0.00032214823295362294,"w":-0.9959572553634644},"size":8.224922180175782,"orthographic":true}