{"cameraMode":{"drawMode":0,"name":"Shaded","section":"Shading Mode"},"sceneLighting":false,"audioPlay":false,"sceneViewState":{"m_AlwaysRefresh":false,"showFog":true,"showSkybox":false,"showFlares":true,"showImageEffects":true,"showParticleSystems":true,"showVisualEffectGraphs":true,"m_FxEnabled":true},"in2DMode":false,"pivot":{"x":1.4818041324615479,"y":4.571210861206055,"z":115.61711883544922},"rotation":{"x":-0.09312810003757477,"y":0.02808043360710144,"z":-0.002705477410927415,"w":-0.9952906966209412},"size":29.513248443603517,"orthographic":true}